{
  "name": "Bismuth Mender",
  "description": "Heals nearby blocks rapidly.",
  "type": "RegenProjector",
  "health": 265,
  "size": 1,
  "range": 35,
  "healPercent": 0.03,
  "consumes": {
    "power": 0.6,
    "items": {
      "items": [
        {
          "amount": 1,
          "item": "photoglass"
        }
      ],
      "optional": true,
      "booster": true
    }
  },
  "requirements": [
    {
      "item": "cobalt",
      "amount": 35
    },
    {
      "item": "bismuth",
      "amount": 25
    },
    {
      "item": "metaglass",
      "amount": 10
    },
  ],
  "category": "effect",
  "research": "dart"
researchCostMultiplier: 0.05
}
