{
  "localizedName": "Clue",
  "description": "Enemy waves have been detected here, while this sector isnt needed to continue, itd be a good idea to grab the upgraded tech and units anyway, Lots of craters here, but why?",
  "difficulty": 5,
  "captureWave": 26,
  "planet": "akyao",
  "allowLaunchLoadout": false,
  "allowLaunchSchematics": false,
  "sector": 21,
  "addStartingItems": false
  "overrideLaunchDefaults": true
	  "research": {
		parent: tide
		objectives: [
			{
				type: "SectorComplete"
				preset: tide
			}
		]
	}
} 
