{
	type: ConsumeGenerator
	name: Gas Combuster
	description: Takes hydrogen and makes power.
	powerProduction: 1.7
	liquidDuration: 120
	ambientSound: smelter
	ambientSoundVolume: 0.05
	generateEffect: blastExplosion
	size: 4
	category: power
	consumes: {
		liquids: {
			liquids: [
				{ "liquid": "hydrogen", "amount": 0.6 }
			]
		}
	}
	
	requirements: [
		{ "item": "chromium", "amount": 80 }
		{ "item": "cobalt", "amount": 120 }
		{ "item": "metaglass", "amount": 60 }
	]
	research: rdg-oscillator
	researchCostMultiplier: 0.05
}