{
	type: ConsumeGenerator
	name: Hydrocarburator
	description: Takes hydrogen and carbide and makes power.
	outputLiquid: { "liquid": "acetylene", "amount": 0.05 }
	powerProduction: 5
	liquidDuration: 90
	ambientSound: smelter
	ambientSoundVolume: 0.05
	generateEffect: blastExplosion
	size: 3
	category: power
	consumes: {
		items: {
			items: [
				{ "item": "carbide", "amount": 1 }
			]
		}
		liquids: {
			liquids: [
				{ "liquid": "hydrogen", "amount": 0.6 }
			]
		}
	}
	
	requirements: [
		{ "item": "cobalt", "amount": 250 }
		{ "item": "bismuth", "amount": 80 }
		{ "item": "carbide", "amount": 40 }
		{ "item": "metaglass", "amount": 50 }
	]
	researchCostMultiplier: 0.05
	  "research": {
		parent: rdg-oscillator
		objectives: [
			{
				type: "OnSector"
				preset: tide
			}
		]
	}
}