{
	"type": "HeatCrafter",
	"name": "Kobra Forge",
	"description": "Uses cobalt, chromium, and heat to make kobra alloy.",
	"outputItem": {"item": "kobra-alloy", "amount": 1},
	"size": 3,
	"hasPower": false,
	"hasItems": true,
	"hasLiquids": false,
	"craftTime": 60,
	"updateEffect": "smeltsmoke",
    	"heatRequirement": 3
	"hasHeat": true
	"consumes": {
		"items": {
			"items": [
				{ "item": "cobalt", "amount": 3 }
				{ "item": "chromium", "amount": 1 }
			]
                }
		"liquids": {
			"liquids": [
			]
		}
	},
	"requirements": [
		{ "item": "carbide", "amount": 60 }
		{ "item": "cobalt", "amount": 120 }
		{ "item": "neodymium", "amount": 30 }
	],
	"category": "crafting",
	"research": "light-carburator",
	"idleSound": "respawning",
	"idleSoundVolume": 0.5
"researchCostMultiplier": 0.05
	drawer: {
	    type: DrawMulti
	    drawers : [
	            	{
	            	  type : DrawDefault
	            	},
	            	{
	            	  type : DrawRegion
	            	  suffix : "-bottom"
	            	},
	            	{
	            	  type : DrawArcSmelt
	            	},
	    ]
	}
}
