{
	"type": "GenericCrafter",
	"name": "Nitric Liquator",
	"description": "Uses cryofluid and methane to make cyanogen",
	"outputLiquid": {"liquid": "cyanogen", "amount": 0.6},
	"size": 2,
	"hasPower": true,
	"hasItems": true,
	"hasLiquids": true,
	"craftTime": 60,
	"updateEffect": "smeltsmoke",
	"consumes": {
		power: 1.5
		"items": {
			"items": [
			]
                }
		"liquids": {
			"liquids": [
				{ "liquid": "cryofluid", "amount": 0.4 }
				{ "liquid": "methane", "amount": 0.5 }
			]
		}
	},
	"requirements": [
		{ "item": "kobra-alloy", "amount": 80 }
		{ "item": "metaglass", "amount": 40 }
	],
	"category": "crafting",
	"research": "methanization-plant",
	"idleSound": "respawning",
	"idleSoundVolume": 0.5
	"researchCostMultiplier": 0.05
}
