{
	type: ConsumeGenerator
	name: Rdg Oscillator
	description: Takes rad snow and makes power, simple!
	powerProduction: 0.3
	itemDuration: 180
	ambientSound: smelter
	ambientSoundVolume: 0.05
	generateEffect: blastExplosion
	size: 1
	category: power
	
	consumes: {
		items: {
			items: [
				{ "item": "rad-snow", "amount": 1 }
			]
		}
	}
	
	requirements: [
		{ "item": "bismuth", "amount": 10 }
		{ "item": "cobalt", "amount": 20 }
		{ "item": "metaglass", "amount": 10 }
	]
	researchCostMultiplier: 0.05
	research: ebonic-radiator
}