{
    "type": "ItemTurret",
    "name": "Acrylon",
    "description": "A heavy hitting rapid fire turret, very good at dealing with clusters of enemies.",
    "targetAir": true,
    "targetGround": true,
    "health": 9560
    "size": 4
    "inaccuracy": 0
    "reload": 90
    "outlineColor": 222222
    "xRand": 0,
    "squareSprite": false
    "coolantMultiplier": 0.65
  "consumes": {
    "coolant": {
      "amount": 0.6
    }
  }
    "shootCone": 8,
    "rotateSpeed": 2,
    "shots": 1,
    "range": 140
    "ammoTypes": {
               kobra-alloy: {
    type: BasicBulletType
    trailWidth: 2
    trailLength: 8
    speed: 4
	lifetime: 35
    damage: 150
    burstSpacing: 4,
    width: 15
    height: 15
    shootEffect: shootSmall
    smokeEffect: shootSmallSmoke
	hitEffect: hitLancer
    ammoMultiplier: 1
	pierce: true
	pierceCap: 5
	pierceBuilding: true
	knockback: 1
	sprite: large-orb
	}
               photoglass: {
    type: BasicBulletType
    trailWidth: 4
    trailLength: 14
    speed: 6
	lifetime: 44.1
	rangeChange: 125
    damage: 350
    burstSpacing: 4,
    width: 25
    height: 25
    shootEffect: shootSmall
    smokeEffect: shootSmallSmoke
	hitEffect: hitLancer
    ammoMultiplier: 1
	pierce: true
	pierceCap: 8
	pierceBuilding: true
	knockback: 3
	sprite: large-orb
	}
    }
	shoot: {
			type: shootAlternate
			shots: 6
			barrels: 6
			x: 6
	}
	drawer: {
		type: DrawTurret,
     		basePrefix: base,
		parts : [
    			{
      			type : RegionPart
      			suffix : "-b"
      			progress : recoil
      			heatProgress : recoil
      			heatColor : "ffffff"
      			mirror : false
      			under : false
      			moveX : 0
			moveY : 0
      			moveRot : 0
    			},
    			{
      			type : RegionPart
      			suffix : "-m"
      			progress : warmup
      			heatProgress : recoil
      			heatColor : "ffffff"
      			mirror : false
      			under : false
      			moveX : 0
			moveY : 0
      			moveRot : 0
    			},
    			{
      			type : RegionPart
      			suffix : "-wl"
      			progress : warmup
      			heatProgress : recoil
      			heatColor : "ffffff"
      			mirror : false
      			under : false
      			moveX : -1
			moveY : 0
      			moveRot : 5
    			},
    			{
      			type : RegionPart
      			suffix : "-wr"
      			progress : warmup
      			heatProgress : recoil
      			heatColor : "ffffff"
      			mirror : false
      			under : false
      			moveX : 1
			moveY : 0
      			moveRot : -5
    			},
    			{
      			type : RegionPart
      			suffix : "-wfl"
      			progress : warmup
      			heatProgress : recoil
      			heatColor : "ffffff"
      			mirror : false
      			under : false
      			moveX : -2
			moveY : 0
      			moveRot : 10
    			},
    			{
      			type : RegionPart
      			suffix : "-wfr"
      			progress : warmup
      			heatProgress : recoil
      			heatColor : "ffffff"
      			mirror : false
      			under : false
      			moveX : 2
			moveY : 0
      			moveRot : -10
    			},
			{
			type: ShapePart
			progress: warmup
			color: d65e74
			sides: 3
			rotation: 90
			hollow: true
			stroke: 0
			strokeTo: 2
			radius: 5
			y: -18
			},
			{
			type: ShapePart
			progress: warmup
			color: d65e74
			sides: 6
			rotation: 0
			hollow: true
			stroke: 0
			strokeTo: 2
			radius: 8
			y: -18
			rotateSpeed: 3
			},
			{
			type: HaloPart
			progress: warmup
			color: d65e74
			y: -18
			haloRotation: 90
			shapes: 4
			triLength: 0
			triLengthTo: 6
			haloRadius: 14
			tri: true
			radius: 6
			shapeRotation: 180
			haloRotateSpeed: -5
			},
		]
	}
    "requirements": [
        { "item": "carbide", "amount": 195 },
	  { "item": "neodymium", "amount": 195 },
        { "item": "metaglass", "amount": 145 },
	  { "item": "cobalt", "amount": 245 },
        { "item": "bismuth", "amount": 225 },
	  { "item": "kobra-alloy", "amount": 95 },
    ],
    "category": "turret"
    "minWarmup": 0.96
    "shootWarmupSpeed": 0.02
    "shootSound": "PlasmaRipple"
    "loopSound": "glow"
    "loopSoundVolume": 0.5
    "research": dash
    "shake": 3
    "researchCostMultiplier": 0.05
}