{
    "type": "ItemTurret",
    "name": "Blast",
    "description": "A very strong anti ground turret used for blasting ground units from very far away.",
    "targetAir": false,
    "targetGround": true,
    "health": 2340
    "size": 2
    "inaccuracy": 5
    "outlineColor": 222222
    "reload": 60
    "xRand": 0,
    "squareSprite": false
    "coolantMultiplier": 0.5
  "consumes": {
    "coolant": {
      "amount": 0.5
    }
  }
    "shootCone": 8,
    "rotateSpeed": 4,
    "shots": 1,
    "range": 275
    "ammoTypes": {
               metaglass: {
    type: ArtilleryBulletType
    knockback: 0.6
    trailWidth: 1
    trailLength: 5
    speed: 4
    lifetime: 68.75
    damage: 85
    burstSpacing: 4,
    width: 10
    height: 10
    collidesTiles: false
    splashDamage: 65
    splashDamageRadius: 45
    shootEffect: shootSmall
    smokeEffect: shootSmallSmoke
    hitSound: Implode
    despawnSound: Implode
	hitEffect: hitLancer
    ammoMultiplier: 2
	shrinkY: 0.3
	pierce: false
	sprite: bullet
  }
               chromium: {
    type: ArtilleryBulletType
    knockback: 0.6
    trailWidth: 1
    trailLength: 5
    speed: 4
    lifetime: 68.75
    damage: 95
    burstSpacing: 4,
    width: 10
    height: 10
    collidesTiles: false
    splashDamage: 75
    splashDamageRadius: 85
    shootEffect: shootSmall
    smokeEffect: shootSmallSmoke
    hitSound: Implode
    despawnSound: Implode
	hitEffect: hitLancer
    ammoMultiplier: 1
	shrinkY: 0.3
	pierce: false
	sprite: bullet
  }
               kobra-alloy: {
    type: ArtilleryBulletType
    knockback: 1
    trailWidth: 2
    trailLength: 5
    speed: 4
    lifetime: 68.75
    damage: 110
    burstSpacing: 4,
    width: 10
    height: 10
    collidesTiles: false
    splashDamage: 85
    splashDamageRadius: 65
    shootEffect: shootSmall
    smokeEffect: shootSmallSmoke
    hitSound: Implode
    despawnSound: Implode
	hitEffect: hitLancer
    ammoMultiplier: 2
	shrinkY: 0.3
	pierce: false
	sprite: bullet
	
	fragOnHit: true
	fragRandomSpread: 0
	fragSpread: 9
	fragBullets: 5
	fragVelocityMin: 1.5
	despawnSound: dullExplosion

	fragBullet: {
	    type: ArtilleryBulletType
	    trailWidth: 1
	    trailLength: 3
	    speed: 2
	    lifetime: 15
	    damage: 25
	    burstSpacing: 4,
	    width: 5
	    height: 5
	    collidesTiles: false
	    splashDamage: 50
	    splashDamageRadius: 15
	}
  }
               tungsten: {
    type: ArtilleryBulletType
    knockback: 2
    trailWidth: 3
    trailLength: 12
    speed: 6
    lifetime: 45.8
    damage: 148
    burstSpacing: 4,
    width: 15
    height: 15
    collidesTiles: false
    splashDamage: 125
    splashDamageRadius: 80
    shootEffect: shootSmall
    smokeEffect: shootSmallSmoke
	hitEffect: hitLancer
    ammoMultiplier: 1
	shrinkY: 0.3
	pierce: false
	sprite: bullet
  }
    },
	shoot: {
		type: shootAlternate
		x: 5
	}
	recoils: 2
	drawer: {
		type: DrawTurret,
     		basePrefix: base,
		parts : [
    			{
      			type : RegionPart
      			suffix : "-wr"
      			progress : recoil
      			heatProgress : recoil
      			heatColor : "ffffff"
      			mirror : false
      			under : false
			recoilIndex: 1
      			moveX : 0
			moveY : -4
      			moveRot : 0
    			},
    			{
      			type : RegionPart
      			suffix : "-wl"
      			progress : recoil
      			heatProgress : recoil
      			heatColor : "ffffff"
      			mirror : false
      			under : false
			recoilIndex: 0
      			moveX : 0
			moveY : -4
      			moveRot : 0
    			},
		]
	}
    "requirements": [
        { "item": "metaglass", "amount": 65 },
	  { "item": "carbide", "amount": 75 },
        { "item": "bismuth", "amount": 45 },
	  { "item": "cobalt", "amount": 95 },
    ],
    "category": "turret"
    "shootSound": "Bam"
    "research": chisel
    "shake": 1
    "researchCostMultiplier": 0.05
}