{
    "type": "ItemTurret",
    "name": "Dart",
    "description": "A small sharp shooting turret. does very well against typical units.",
    "targetAir": true,
    "targetGround": true,
    "health": 1350
    "size": 2
    "inaccuracy": 15
    "reload": 10
    "xRand": 0,
    "squareSprite": false
    "coolantMultiplier": 0.5
    "outlineColor": 222222
  "consumes": {
    "coolant": {
      "amount": 0.5
    }
  }
    "shootCone": 8,
    "rotateSpeed": 4,
    "shots": 1,
    "range": 95
    "ammoTypes": {
               cobalt: {
    type: BasicBulletType
    trailWidth: 1
    trailLength: 5
    speed: 3
	lifetime: 31.6
    damage: 32
    burstSpacing: 4,
    width: 8
    height: 12
    shootEffect: shootSmall
    smokeEffect: shootSmallSmoke
	hitEffect: hitLancer
    ammoMultiplier: 1
	shrinkY: 0.3
	pierce: false
	sprite: bullet
  }
               carbide: {
    type: BasicBulletType
    trailWidth: 1
    trailLength: 6
    rangeChange: 50
    reloadMultiplier: 1.2
    speed: 3
	lifetime: 48.3
    damage: 42
    burstSpacing: 4,
    width: 8
    height: 12
    shootEffect: shootSmall
    smokeEffect: shootSmallSmoke
	hitEffect: hitLancer
    ammoMultiplier: 2
	shrinkY: 0.3
	pierce: true
	pierceCap: 2
	sprite: bullet
  }
               kobra-alloy: {
    type: BasicBulletType
    trailWidth: 1
    trailLength: 8
    rangeChange: 80
    reloadMultiplier: 1.4
    speed: 4
	lifetime: 43.75
    damage: 58
    burstSpacing: 4,
    width: 8
    height: 12
    shootEffect: shootSmall
    smokeEffect: shootSmallSmoke
	hitEffect: hitLancer
    ammoMultiplier: 2
	shrinkY: 0.3
	pierce: false
	pierceCap: 1
	sprite: bullet

	fragOnHit: true
	fragRandomSpread: 0
	fragSpread: 10
	fragBullets: 7
	fragVelocityMin: 1
	despawnSound: dullExplosion

	fragBullet: {
		type: BasicBulletType
		speed: 2
		damage: 10
		lifetime: 15
		width: 8
		height: 12
		hitSize: 4
		trailWidth: 2.5
		trailLength: 7
		splashDamage: 5
		splashDamageRadius: 10
	}
  }
               tungsten: {
    type: BasicBulletType
    trailWidth: 1
    trailLength: 6
    rangeChange: 150
    reloadMultiplier: 1.5
    speed: 6
	lifetime: 40.8
    damage: 96
    burstSpacing: 4,
    width: 8
    height: 12
    shootEffect: shootSmall
    smokeEffect: shootSmallSmoke
	hitEffect: hitLancer
    ammoMultiplier: 2
	shrinkY: 0.3
	pierce: true
	pierceCap: 5
	sprite: bullet
  }
    },
	shoot: {
		type: shootAlternate
		x: 4
	}
	recoils: 2
	drawer: {
		type: DrawTurret,
     		basePrefix: base,
		parts : [
    			{
      			type : RegionPart
      			suffix : "-wr"
      			progress : recoil
      			heatProgress : recoil
      			heatColor : "ffffff"
      			mirror : false
      			under : false
			recoilIndex: 1
      			moveX : 0
			moveY : -2
      			moveRot : 0
    			},
    			{
      			type : RegionPart
      			suffix : "-wl"
      			progress : recoil
      			heatProgress : recoil
      			heatColor : "ffffff"
      			mirror : false
      			under : false
			recoilIndex: 0
      			moveX : 0
			moveY : -2
      			moveRot : 0
    			},
    			{
      			type : RegionPart
      			suffix : "-wm"
      			progress : recoil
      			heatProgress : recoil
      			heatColor : "ffffff"
      			mirror : false
      			under : false
      			moveX : 0
			moveY : -1
      			moveRot : 0
    			},
		]
	}
    "requirements": [
        { "item": "bismuth", "amount": 20 },
	  { "item": "cobalt", "amount": 35 },
    ],
    "category": "turret"
    "shootSound": "SmallPew"
    "research": ash
    "shake": 0
    "researchCostMultiplier": 0.05
}